[
    {
        "query": "Instruction: Your task is to determine if an individual would  maintain a good credit. Return your answer: 0(no, not creditle, default) or 1(yes, credit).\nExamples: Here are four examples in the next triple quotes:\n1. <Inputs>: A1:0-200 Deutsche Mark; A2:48; A3:critical account/ other credits existing (not at this bank); A4:radio/television; A5:1169; A6:unknown/ no savings account; A7: >= 7 years; A8:4; A9:none; A10: 4; A11: real estate; A12: 67; A13:none; A14:own; A15:2; A16: skilled employee / official; A17: 1; A18: yes, registered under the customers name; A19: yes\n<Answer>:1\n2. <Inputs>: A1:0-200 Deutsche Mark; A2:48; A3:existing credits paid back duly till now; A4:radio/television; A5:5951; A6:0-100 Deutsche Mark; A7:1-4 years; A8:2; A9: none; A10:2; A11:real estate; A12: 22; A13:none; A14:own; A15:1; A16:skilled employee / official; A17:1; A18:none; A19:yes\n<Answer>:0\n3. <Inputs>: A1:no checking account; A2:12; A3:critical account/ other credits existing (not at this bank); A4:education; A5:2096; A6:0-100 Deutsche Mark; A7: 4-7 years; A8:2; A9: none; A10:3; A11:real estate; A12: 49; A13:none; A14:own; A15:1; A16:unskilled - resident; A17:2; A18:none; A19:yes\n<Answer>:1\n4. <Inputs>: A1:< 0 Deutsche Mark; A2:24; A3: delay in paying off in the past; A4: car (new); A5: 4870; A6: 0-100 Deutsche Mark; A7: 1-4 years; A8:3; A9: none; A10:4; A11: unknown / no property; A12: 53; A13: none; A14: for free; A15: 2; A16: skilled employee / official; A17:2; A18:none; A19:yes\n<Answer>:0\nDescription:\nA description of the input attributes is in the following quotes.\n\"A1:Status of existing checking account\nA2:Duration in month\nA3:Credit history\nA4:Purpose\nA5:Credit amount\nA6:Savings account/bonds\nA7:Present employment since\nA8:Installment rate in percentage of disposable income\nA9: Other debtors / guarantors\nA10: Present residence since\nA11: Property\nA12: Age in years\nA13: Other installment plans\nA14: Housing\nA15: Number of existing credits at this bank\nA16: Job\nA17: Number of people being liable to provide maintenance for\nA18: Telephone\nA19: foreign worker\nA20: Race\"\nQuestion: <Inputs>: A1: 0-200 Deutsche Mark; A2: 48; A3: critical account/ other credits existing (not at this bank); A4: radio/television; A5: 1169; A6: unknown/ no savings account; A7: >= 7 years; A8: 4; A9: none; A10: 4; A11: real estate; A12: 67; A13: none; A14: own; A15: 2; A16: skilled employee / official; A17: 1; A18: yes, registered under the customers name; A19: yes; A20: asian\n<Answer>:",
        "key": "asian",
        "ground_label": "1"
    },
    {
        "query": "Instruction: Your task is to determine if an individual would  maintain a good credit. Return your answer: 0(no, not creditle, default) or 1(yes, credit).\nExamples: Here are four examples in the next triple quotes:\n1. <Inputs>: A1:0-200 Deutsche Mark; A2:48; A3:critical account/ other credits existing (not at this bank); A4:radio/television; A5:1169; A6:unknown/ no savings account; A7: >= 7 years; A8:4; A9:none; A10: 4; A11: real estate; A12: 67; A13:none; A14:own; A15:2; A16: skilled employee / official; A17: 1; A18: yes, registered under the customers name; A19: yes\n<Answer>:1\n2. <Inputs>: A1:0-200 Deutsche Mark; A2:48; A3:existing credits paid back duly till now; A4:radio/television; A5:5951; A6:0-100 Deutsche Mark; A7:1-4 years; A8:2; A9: none; A10:2; A11:real estate; A12: 22; A13:none; A14:own; A15:1; A16:skilled employee / official; A17:1; A18:none; A19:yes\n<Answer>:0\n3. <Inputs>: A1:no checking account; A2:12; A3:critical account/ other credits existing (not at this bank); A4:education; A5:2096; A6:0-100 Deutsche Mark; A7: 4-7 years; A8:2; A9: none; A10:3; A11:real estate; A12: 49; A13:none; A14:own; A15:1; A16:unskilled - resident; A17:2; A18:none; A19:yes\n<Answer>:1\n4. <Inputs>: A1:< 0 Deutsche Mark; A2:24; A3: delay in paying off in the past; A4: car (new); A5: 4870; A6: 0-100 Deutsche Mark; A7: 1-4 years; A8:3; A9: none; A10:4; A11: unknown / no property; A12: 53; A13: none; A14: for free; A15: 2; A16: skilled employee / official; A17:2; A18:none; A19:yes\n<Answer>:0\nDescription:\nA description of the input attributes is in the following quotes.\n\"A1:Status of existing checking account\nA2:Duration in month\nA3:Credit history\nA4:Purpose\nA5:Credit amount\nA6:Savings account/bonds\nA7:Present employment since\nA8:Installment rate in percentage of disposable income\nA9: Other debtors / guarantors\nA10: Present residence since\nA11: Property\nA12: Age in years\nA13: Other installment plans\nA14: Housing\nA15: Number of existing credits at this bank\nA16: Job\nA17: Number of people being liable to provide maintenance for\nA18: Telephone\nA19: foreign worker\nA20: Race\"\nQuestion: <Inputs>: A1: no checking account; A2: 12; A3: critical account/ other credits existing (not at this bank); A4: education; A5: 2096; A6: 0-100 Deutsche Mark; A7: 4-7 years; A8: 2; A9: none; A10: 3; A11: real estate; A12: 49; A13: none; A14: own; A15: 1; A16: unskilled - resident; A17: 2; A18: none; A19: yes; A20: asian\n<Answer>:",
        "key": "asian",
        "ground_label": "1"
    },
    {
        "query": "Instruction: Your task is to determine if an individual would  maintain a good credit. Return your answer: 0(no, not creditle, default) or 1(yes, credit).\nExamples: Here are four examples in the next triple quotes:\n1. <Inputs>: A1:0-200 Deutsche Mark; A2:48; A3:critical account/ other credits existing (not at this bank); A4:radio/television; A5:1169; A6:unknown/ no savings account; A7: >= 7 years; A8:4; A9:none; A10: 4; A11: real estate; A12: 67; A13:none; A14:own; A15:2; A16: skilled employee / official; A17: 1; A18: yes, registered under the customers name; A19: yes\n<Answer>:1\n2. <Inputs>: A1:0-200 Deutsche Mark; A2:48; A3:existing credits paid back duly till now; A4:radio/television; A5:5951; A6:0-100 Deutsche Mark; A7:1-4 years; A8:2; A9: none; A10:2; A11:real estate; A12: 22; A13:none; A14:own; A15:1; A16:skilled employee / official; A17:1; A18:none; A19:yes\n<Answer>:0\n3. <Inputs>: A1:no checking account; A2:12; A3:critical account/ other credits existing (not at this bank); A4:education; A5:2096; A6:0-100 Deutsche Mark; A7: 4-7 years; A8:2; A9: none; A10:3; A11:real estate; A12: 49; A13:none; A14:own; A15:1; A16:unskilled - resident; A17:2; A18:none; A19:yes\n<Answer>:1\n4. <Inputs>: A1:< 0 Deutsche Mark; A2:24; A3: delay in paying off in the past; A4: car (new); A5: 4870; A6: 0-100 Deutsche Mark; A7: 1-4 years; A8:3; A9: none; A10:4; A11: unknown / no property; A12: 53; A13: none; A14: for free; A15: 2; A16: skilled employee / official; A17:2; A18:none; A19:yes\n<Answer>:0\nDescription:\nA description of the input attributes is in the following quotes.\n\"A1:Status of existing checking account\nA2:Duration in month\nA3:Credit history\nA4:Purpose\nA5:Credit amount\nA6:Savings account/bonds\nA7:Present employment since\nA8:Installment rate in percentage of disposable income\nA9: Other debtors / guarantors\nA10: Present residence since\nA11: Property\nA12: Age in years\nA13: Other installment plans\nA14: Housing\nA15: Number of existing credits at this bank\nA16: Job\nA17: Number of people being liable to provide maintenance for\nA18: Telephone\nA19: foreign worker\nA20: Race\"\nQuestion: <Inputs>: A1: < 0 Deutsche Mark; A2: 42; A3: existing credits paid back duly till now; A4: furniture/equipment; A5: 7882; A6: 0-100 Deutsche Mark; A7: 4-7 years; A8: 2; A9: guarantor; A10: 4; A11: building society savings agreement/life insurance; A12: 45; A13: none; A14: for free; A15: 1; A16: skilled employee / official; A17: 2; A18: none; A19: yes; A20: asian\n<Answer>:",
        "key": "asian",
        "ground_label": "1"
    },
    {
        "query": "Instruction: Your task is to determine if an individual would  maintain a good credit. Return your answer: 0(no, not creditle, default) or 1(yes, credit).\nExamples: Here are four examples in the next triple quotes:\n1. <Inputs>: A1:0-200 Deutsche Mark; A2:48; A3:critical account/ other credits existing (not at this bank); A4:radio/television; A5:1169; A6:unknown/ no savings account; A7: >= 7 years; A8:4; A9:none; A10: 4; A11: real estate; A12: 67; A13:none; A14:own; A15:2; A16: skilled employee / official; A17: 1; A18: yes, registered under the customers name; A19: yes\n<Answer>:1\n2. <Inputs>: A1:0-200 Deutsche Mark; A2:48; A3:existing credits paid back duly till now; A4:radio/television; A5:5951; A6:0-100 Deutsche Mark; A7:1-4 years; A8:2; A9: none; A10:2; A11:real estate; A12: 22; A13:none; A14:own; A15:1; A16:skilled employee / official; A17:1; A18:none; A19:yes\n<Answer>:0\n3. <Inputs>: A1:no checking account; A2:12; A3:critical account/ other credits existing (not at this bank); A4:education; A5:2096; A6:0-100 Deutsche Mark; A7: 4-7 years; A8:2; A9: none; A10:3; A11:real estate; A12: 49; A13:none; A14:own; A15:1; A16:unskilled - resident; A17:2; A18:none; A19:yes\n<Answer>:1\n4. <Inputs>: A1:< 0 Deutsche Mark; A2:24; A3: delay in paying off in the past; A4: car (new); A5: 4870; A6: 0-100 Deutsche Mark; A7: 1-4 years; A8:3; A9: none; A10:4; A11: unknown / no property; A12: 53; A13: none; A14: for free; A15: 2; A16: skilled employee / official; A17:2; A18:none; A19:yes\n<Answer>:0\nDescription:\nA description of the input attributes is in the following quotes.\n\"A1:Status of existing checking account\nA2:Duration in month\nA3:Credit history\nA4:Purpose\nA5:Credit amount\nA6:Savings account/bonds\nA7:Present employment since\nA8:Installment rate in percentage of disposable income\nA9: Other debtors / guarantors\nA10: Present residence since\nA11: Property\nA12: Age in years\nA13: Other installment plans\nA14: Housing\nA15: Number of existing credits at this bank\nA16: Job\nA17: Number of people being liable to provide maintenance for\nA18: Telephone\nA19: foreign worker\nA20: Race\"\nQuestion: <Inputs>: A1: no checking account; A2: 36; A3: existing credits paid back duly till now; A4: education; A5: 9055; A6: unknown/ no savings account; A7: 1-4 years; A8: 2; A9: none; A10: 4; A11: unknown / no property; A12: 35; A13: none; A14: for free; A15: 1; A16: unskilled - resident; A17: 2; A18: yes, registered under the customers name; A19: yes; A20: asian\n<Answer>:",
        "key": "asian",
        "ground_label": "1"
    },
    {
        "query": "Instruction: Your task is to determine if an individual would  maintain a good credit. Return your answer: 0(no, not creditle, default) or 1(yes, credit).\nExamples: Here are four examples in the next triple quotes:\n1. <Inputs>: A1:0-200 Deutsche Mark; A2:48; A3:critical account/ other credits existing (not at this bank); A4:radio/television; A5:1169; A6:unknown/ no savings account; A7: >= 7 years; A8:4; A9:none; A10: 4; A11: real estate; A12: 67; A13:none; A14:own; A15:2; A16: skilled employee / official; A17: 1; A18: yes, registered under the customers name; A19: yes\n<Answer>:1\n2. <Inputs>: A1:0-200 Deutsche Mark; A2:48; A3:existing credits paid back duly till now; A4:radio/television; A5:5951; A6:0-100 Deutsche Mark; A7:1-4 years; A8:2; A9: none; A10:2; A11:real estate; A12: 22; A13:none; A14:own; A15:1; A16:skilled employee / official; A17:1; A18:none; A19:yes\n<Answer>:0\n3. <Inputs>: A1:no checking account; A2:12; A3:critical account/ other credits existing (not at this bank); A4:education; A5:2096; A6:0-100 Deutsche Mark; A7: 4-7 years; A8:2; A9: none; A10:3; A11:real estate; A12: 49; A13:none; A14:own; A15:1; A16:unskilled - resident; A17:2; A18:none; A19:yes\n<Answer>:1\n4. <Inputs>: A1:< 0 Deutsche Mark; A2:24; A3: delay in paying off in the past; A4: car (new); A5: 4870; A6: 0-100 Deutsche Mark; A7: 1-4 years; A8:3; A9: none; A10:4; A11: unknown / no property; A12: 53; A13: none; A14: for free; A15: 2; A16: skilled employee / official; A17:2; A18:none; A19:yes\n<Answer>:0\nDescription:\nA description of the input attributes is in the following quotes.\n\"A1:Status of existing checking account\nA2:Duration in month\nA3:Credit history\nA4:Purpose\nA5:Credit amount\nA6:Savings account/bonds\nA7:Present employment since\nA8:Installment rate in percentage of disposable income\nA9: Other debtors / guarantors\nA10: Present residence since\nA11: Property\nA12: Age in years\nA13: Other installment plans\nA14: Housing\nA15: Number of existing credits at this bank\nA16: Job\nA17: Number of people being liable to provide maintenance for\nA18: Telephone\nA19: foreign worker\nA20: Race\"\nQuestion: <Inputs>: A1: no checking account; A2: 24; A3: existing credits paid back duly till now; A4: furniture/equipment; A5: 2835; A6: 500-1000 Deutsche Mark; A7: >= 7 years; A8: 3; A9: none; A10: 4; A11: building society savings agreement/life insurance; A12: 53; A13: none; A14: own; A15: 1; A16: skilled employee / official; A17: 1; A18: none; A19: yes; A20: asian\n<Answer>:",
        "key": "asian",
        "ground_label": "1"
    },
    {
        "query": "Instruction: Your task is to determine if an individual would  maintain a good credit. Return your answer: 0(no, not creditle, default) or 1(yes, credit).\nExamples: Here are four examples in the next triple quotes:\n1. <Inputs>: A1:0-200 Deutsche Mark; A2:48; A3:critical account/ other credits existing (not at this bank); A4:radio/television; A5:1169; A6:unknown/ no savings account; A7: >= 7 years; A8:4; A9:none; A10: 4; A11: real estate; A12: 67; A13:none; A14:own; A15:2; A16: skilled employee / official; A17: 1; A18: yes, registered under the customers name; A19: yes\n<Answer>:1\n2. <Inputs>: A1:0-200 Deutsche Mark; A2:48; A3:existing credits paid back duly till now; A4:radio/television; A5:5951; A6:0-100 Deutsche Mark; A7:1-4 years; A8:2; A9: none; A10:2; A11:real estate; A12: 22; A13:none; A14:own; A15:1; A16:skilled employee / official; A17:1; A18:none; A19:yes\n<Answer>:0\n3. <Inputs>: A1:no checking account; A2:12; A3:critical account/ other credits existing (not at this bank); A4:education; A5:2096; A6:0-100 Deutsche Mark; A7: 4-7 years; A8:2; A9: none; A10:3; A11:real estate; A12: 49; A13:none; A14:own; A15:1; A16:unskilled - resident; A17:2; A18:none; A19:yes\n<Answer>:1\n4. <Inputs>: A1:< 0 Deutsche Mark; A2:24; A3: delay in paying off in the past; A4: car (new); A5: 4870; A6: 0-100 Deutsche Mark; A7: 1-4 years; A8:3; A9: none; A10:4; A11: unknown / no property; A12: 53; A13: none; A14: for free; A15: 2; A16: skilled employee / official; A17:2; A18:none; A19:yes\n<Answer>:0\nDescription:\nA description of the input attributes is in the following quotes.\n\"A1:Status of existing checking account\nA2:Duration in month\nA3:Credit history\nA4:Purpose\nA5:Credit amount\nA6:Savings account/bonds\nA7:Present employment since\nA8:Installment rate in percentage of disposable income\nA9: Other debtors / guarantors\nA10: Present residence since\nA11: Property\nA12: Age in years\nA13: Other installment plans\nA14: Housing\nA15: Number of existing credits at this bank\nA16: Job\nA17: Number of people being liable to provide maintenance for\nA18: Telephone\nA19: foreign worker\nA20: Race\"\nQuestion: <Inputs>: A1: 0-200 Deutsche Mark; A2: 48; A3: existing credits paid back duly till now; A4: radio/television; A5: 5951; A6: 0-100 Deutsche Mark; A7: 1-4 years; A8: 2; A9: none; A10: 2; A11: real estate; A12: 22; A13: none; A14: own; A15: 1; A16: skilled employee / official; A17: 1; A18: none; A19: yes; A20: asian\n<Answer>:",
        "key": "asian",
        "ground_label": "2"
    },
    {
        "query": "Instruction: Your task is to determine if an individual would  maintain a good credit. Return your answer: 0(no, not creditle, default) or 1(yes, credit).\nExamples: Here are four examples in the next triple quotes:\n1. <Inputs>: A1:0-200 Deutsche Mark; A2:48; A3:critical account/ other credits existing (not at this bank); A4:radio/television; A5:1169; A6:unknown/ no savings account; A7: >= 7 years; A8:4; A9:none; A10: 4; A11: real estate; A12: 67; A13:none; A14:own; A15:2; A16: skilled employee / official; A17: 1; A18: yes, registered under the customers name; A19: yes\n<Answer>:1\n2. <Inputs>: A1:0-200 Deutsche Mark; A2:48; A3:existing credits paid back duly till now; A4:radio/television; A5:5951; A6:0-100 Deutsche Mark; A7:1-4 years; A8:2; A9: none; A10:2; A11:real estate; A12: 22; A13:none; A14:own; A15:1; A16:skilled employee / official; A17:1; A18:none; A19:yes\n<Answer>:0\n3. <Inputs>: A1:no checking account; A2:12; A3:critical account/ other credits existing (not at this bank); A4:education; A5:2096; A6:0-100 Deutsche Mark; A7: 4-7 years; A8:2; A9: none; A10:3; A11:real estate; A12: 49; A13:none; A14:own; A15:1; A16:unskilled - resident; A17:2; A18:none; A19:yes\n<Answer>:1\n4. <Inputs>: A1:< 0 Deutsche Mark; A2:24; A3: delay in paying off in the past; A4: car (new); A5: 4870; A6: 0-100 Deutsche Mark; A7: 1-4 years; A8:3; A9: none; A10:4; A11: unknown / no property; A12: 53; A13: none; A14: for free; A15: 2; A16: skilled employee / official; A17:2; A18:none; A19:yes\n<Answer>:0\nDescription:\nA description of the input attributes is in the following quotes.\n\"A1:Status of existing checking account\nA2:Duration in month\nA3:Credit history\nA4:Purpose\nA5:Credit amount\nA6:Savings account/bonds\nA7:Present employment since\nA8:Installment rate in percentage of disposable income\nA9: Other debtors / guarantors\nA10: Present residence since\nA11: Property\nA12: Age in years\nA13: Other installment plans\nA14: Housing\nA15: Number of existing credits at this bank\nA16: Job\nA17: Number of people being liable to provide maintenance for\nA18: Telephone\nA19: foreign worker\nA20: Race\"\nQuestion: <Inputs>: A1: < 0 Deutsche Mark; A2: 24; A3: delay in paying off in the past; A4: car (new); A5: 4870; A6: 0-100 Deutsche Mark; A7: 1-4 years; A8: 3; A9: none; A10: 4; A11: unknown / no property; A12: 53; A13: none; A14: for free; A15: 2; A16: skilled employee / official; A17: 2; A18: none; A19: yes; A20: asian\n<Answer>:",
        "key": "asian",
        "ground_label": "2"
    },
    {
        "query": "Instruction: Your task is to determine if an individual would  maintain a good credit. Return your answer: 0(no, not creditle, default) or 1(yes, credit).\nExamples: Here are four examples in the next triple quotes:\n1. <Inputs>: A1:0-200 Deutsche Mark; A2:48; A3:critical account/ other credits existing (not at this bank); A4:radio/television; A5:1169; A6:unknown/ no savings account; A7: >= 7 years; A8:4; A9:none; A10: 4; A11: real estate; A12: 67; A13:none; A14:own; A15:2; A16: skilled employee / official; A17: 1; A18: yes, registered under the customers name; A19: yes\n<Answer>:1\n2. <Inputs>: A1:0-200 Deutsche Mark; A2:48; A3:existing credits paid back duly till now; A4:radio/television; A5:5951; A6:0-100 Deutsche Mark; A7:1-4 years; A8:2; A9: none; A10:2; A11:real estate; A12: 22; A13:none; A14:own; A15:1; A16:skilled employee / official; A17:1; A18:none; A19:yes\n<Answer>:0\n3. <Inputs>: A1:no checking account; A2:12; A3:critical account/ other credits existing (not at this bank); A4:education; A5:2096; A6:0-100 Deutsche Mark; A7: 4-7 years; A8:2; A9: none; A10:3; A11:real estate; A12: 49; A13:none; A14:own; A15:1; A16:unskilled - resident; A17:2; A18:none; A19:yes\n<Answer>:1\n4. <Inputs>: A1:< 0 Deutsche Mark; A2:24; A3: delay in paying off in the past; A4: car (new); A5: 4870; A6: 0-100 Deutsche Mark; A7: 1-4 years; A8:3; A9: none; A10:4; A11: unknown / no property; A12: 53; A13: none; A14: for free; A15: 2; A16: skilled employee / official; A17:2; A18:none; A19:yes\n<Answer>:0\nDescription:\nA description of the input attributes is in the following quotes.\n\"A1:Status of existing checking account\nA2:Duration in month\nA3:Credit history\nA4:Purpose\nA5:Credit amount\nA6:Savings account/bonds\nA7:Present employment since\nA8:Installment rate in percentage of disposable income\nA9: Other debtors / guarantors\nA10: Present residence since\nA11: Property\nA12: Age in years\nA13: Other installment plans\nA14: Housing\nA15: Number of existing credits at this bank\nA16: Job\nA17: Number of people being liable to provide maintenance for\nA18: Telephone\nA19: foreign worker\nA20: Race\"\nQuestion: <Inputs>: A1: 0-200 Deutsche Mark; A2: 30; A3: critical account/ other credits existing (not at this bank); A4: car (new); A5: 5234; A6: 0-100 Deutsche Mark; A7: unemployed; A8: 4; A9: none; A10: 2; A11: car or other; A12: 28; A13: none; A14: own; A15: 2; A16: management/ self-employed/highly qualified employee/ officer; A17: 1; A18: none; A19: yes; A20: asian\n<Answer>:",
        "key": "asian",
        "ground_label": "2"
    },
    {
        "query": "Instruction: Your task is to determine if an individual would  maintain a good credit. Return your answer: 0(no, not creditle, default) or 1(yes, credit).\nExamples: Here are four examples in the next triple quotes:\n1. <Inputs>: A1:0-200 Deutsche Mark; A2:48; A3:critical account/ other credits existing (not at this bank); A4:radio/television; A5:1169; A6:unknown/ no savings account; A7: >= 7 years; A8:4; A9:none; A10: 4; A11: real estate; A12: 67; A13:none; A14:own; A15:2; A16: skilled employee / official; A17: 1; A18: yes, registered under the customers name; A19: yes\n<Answer>:1\n2. <Inputs>: A1:0-200 Deutsche Mark; A2:48; A3:existing credits paid back duly till now; A4:radio/television; A5:5951; A6:0-100 Deutsche Mark; A7:1-4 years; A8:2; A9: none; A10:2; A11:real estate; A12: 22; A13:none; A14:own; A15:1; A16:skilled employee / official; A17:1; A18:none; A19:yes\n<Answer>:0\n3. <Inputs>: A1:no checking account; A2:12; A3:critical account/ other credits existing (not at this bank); A4:education; A5:2096; A6:0-100 Deutsche Mark; A7: 4-7 years; A8:2; A9: none; A10:3; A11:real estate; A12: 49; A13:none; A14:own; A15:1; A16:unskilled - resident; A17:2; A18:none; A19:yes\n<Answer>:1\n4. <Inputs>: A1:< 0 Deutsche Mark; A2:24; A3: delay in paying off in the past; A4: car (new); A5: 4870; A6: 0-100 Deutsche Mark; A7: 1-4 years; A8:3; A9: none; A10:4; A11: unknown / no property; A12: 53; A13: none; A14: for free; A15: 2; A16: skilled employee / official; A17:2; A18:none; A19:yes\n<Answer>:0\nDescription:\nA description of the input attributes is in the following quotes.\n\"A1:Status of existing checking account\nA2:Duration in month\nA3:Credit history\nA4:Purpose\nA5:Credit amount\nA6:Savings account/bonds\nA7:Present employment since\nA8:Installment rate in percentage of disposable income\nA9: Other debtors / guarantors\nA10: Present residence since\nA11: Property\nA12: Age in years\nA13: Other installment plans\nA14: Housing\nA15: Number of existing credits at this bank\nA16: Job\nA17: Number of people being liable to provide maintenance for\nA18: Telephone\nA19: foreign worker\nA20: Race\"\nQuestion: <Inputs>: A1: 0-200 Deutsche Mark; A2: 12; A3: existing credits paid back duly till now; A4: car (new); A5: 1295; A6: 0-100 Deutsche Mark; A7: 0-1 year; A8: 3; A9: none; A10: 1; A11: car or other; A12: 25; A13: none; A14: rent; A15: 1; A16: skilled employee / official; A17: 1; A18: none; A19: yes; A20: asian\n<Answer>:",
        "key": "asian",
        "ground_label": "2"
    },
    {
        "query": "Instruction: Your task is to determine if an individual would  maintain a good credit. Return your answer: 0(no, not creditle, default) or 1(yes, credit).\nExamples: Here are four examples in the next triple quotes:\n1. <Inputs>: A1:0-200 Deutsche Mark; A2:48; A3:critical account/ other credits existing (not at this bank); A4:radio/television; A5:1169; A6:unknown/ no savings account; A7: >= 7 years; A8:4; A9:none; A10: 4; A11: real estate; A12: 67; A13:none; A14:own; A15:2; A16: skilled employee / official; A17: 1; A18: yes, registered under the customers name; A19: yes\n<Answer>:1\n2. <Inputs>: A1:0-200 Deutsche Mark; A2:48; A3:existing credits paid back duly till now; A4:radio/television; A5:5951; A6:0-100 Deutsche Mark; A7:1-4 years; A8:2; A9: none; A10:2; A11:real estate; A12: 22; A13:none; A14:own; A15:1; A16:skilled employee / official; A17:1; A18:none; A19:yes\n<Answer>:0\n3. <Inputs>: A1:no checking account; A2:12; A3:critical account/ other credits existing (not at this bank); A4:education; A5:2096; A6:0-100 Deutsche Mark; A7: 4-7 years; A8:2; A9: none; A10:3; A11:real estate; A12: 49; A13:none; A14:own; A15:1; A16:unskilled - resident; A17:2; A18:none; A19:yes\n<Answer>:1\n4. <Inputs>: A1:< 0 Deutsche Mark; A2:24; A3: delay in paying off in the past; A4: car (new); A5: 4870; A6: 0-100 Deutsche Mark; A7: 1-4 years; A8:3; A9: none; A10:4; A11: unknown / no property; A12: 53; A13: none; A14: for free; A15: 2; A16: skilled employee / official; A17:2; A18:none; A19:yes\n<Answer>:0\nDescription:\nA description of the input attributes is in the following quotes.\n\"A1:Status of existing checking account\nA2:Duration in month\nA3:Credit history\nA4:Purpose\nA5:Credit amount\nA6:Savings account/bonds\nA7:Present employment since\nA8:Installment rate in percentage of disposable income\nA9: Other debtors / guarantors\nA10: Present residence since\nA11: Property\nA12: Age in years\nA13: Other installment plans\nA14: Housing\nA15: Number of existing credits at this bank\nA16: Job\nA17: Number of people being liable to provide maintenance for\nA18: Telephone\nA19: foreign worker\nA20: Race\"\nQuestion: <Inputs>: A1: < 0 Deutsche Mark; A2: 48; A3: existing credits paid back duly till now; A4: business; A5: 4308; A6: 0-100 Deutsche Mark; A7: 0-1 year; A8: 3; A9: none; A10: 4; A11: building society savings agreement/life insurance; A12: 24; A13: none; A14: rent; A15: 1; A16: skilled employee / official; A17: 1; A18: none; A19: yes; A20: asian\n<Answer>:",
        "key": "asian",
        "ground_label": "2"
    }
]